city_key,city_name,district_name,locality_name,level,page_type,status,path,canonical_url,source_file,created_date,batch_id
seoul,서울,,,city,city_home,published,seoul/,https://seoul.sabong.co.kr/,seoul/index.html,,baseline-20260809
seoul,서울,강남구,,district,district,published,seoul/강남구/,https://seoul.sabong.co.kr/%EA%B0%95%EB%82%A8%EA%B5%AC/,seoul/강남구/index.html,,baseline-20260809
seoul,서울,강동구,,district,district,published,seoul/강동구/,https://seoul.sabong.co.kr/%EA%B0%95%EB%8F%99%EA%B5%AC/,seoul/강동구/index.html,,baseline-20260809
seoul,서울,강북구,,district,district,published,seoul/강북구/,https://seoul.sabong.co.kr/%EA%B0%95%EB%B6%81%EA%B5%AC/,seoul/강북구/index.html,,baseline-20260809
seoul,서울,강서구,,district,district,published,seoul/강서구/,https://seoul.sabong.co.kr/%EA%B0%95%EC%84%9C%EA%B5%AC/,seoul/강서구/index.html,,baseline-20260809
seoul,서울,관악구,,district,district,published,seoul/관악구/,https://seoul.sabong.co.kr/%EA%B4%80%EC%95%85%EA%B5%AC/,seoul/관악구/index.html,,baseline-20260809
seoul,서울,광진구,,district,district,published,seoul/광진구/,https://seoul.sabong.co.kr/%EA%B4%91%EC%A7%84%EA%B5%AC/,seoul/광진구/index.html,,baseline-20260809
seoul,서울,구로구,,district,district,published,seoul/구로구/,https://seoul.sabong.co.kr/%EA%B5%AC%EB%A1%9C%EA%B5%AC/,seoul/구로구/index.html,,baseline-20260809
seoul,서울,금천구,,district,district,published,seoul/금천구/,https://seoul.sabong.co.kr/%EA%B8%88%EC%B2%9C%EA%B5%AC/,seoul/금천구/index.html,,baseline-20260809
seoul,서울,노원구,,district,district,published,seoul/노원구/,https://seoul.sabong.co.kr/%EB%85%B8%EC%9B%90%EA%B5%AC/,seoul/노원구/index.html,,baseline-20260809
seoul,서울,도봉구,,district,district,published,seoul/도봉구/,https://seoul.sabong.co.kr/%EB%8F%84%EB%B4%89%EA%B5%AC/,seoul/도봉구/index.html,,baseline-20260809
seoul,서울,동대문구,,district,district,published,seoul/동대문구/,https://seoul.sabong.co.kr/%EB%8F%99%EB%8C%80%EB%AC%B8%EA%B5%AC/,seoul/동대문구/index.html,,baseline-20260809
seoul,서울,동작구,,district,district,published,seoul/동작구/,https://seoul.sabong.co.kr/%EB%8F%99%EC%9E%91%EA%B5%AC/,seoul/동작구/index.html,,baseline-20260809
seoul,서울,마포구,,district,district,published,seoul/마포구/,https://seoul.sabong.co.kr/%EB%A7%88%ED%8F%AC%EA%B5%AC/,seoul/마포구/index.html,,baseline-20260809
seoul,서울,서대문구,,district,district,published,seoul/서대문구/,https://seoul.sabong.co.kr/%EC%84%9C%EB%8C%80%EB%AC%B8%EA%B5%AC/,seoul/서대문구/index.html,,baseline-20260809
seoul,서울,서초구,,district,district,published,seoul/서초구/,https://seoul.sabong.co.kr/%EC%84%9C%EC%B4%88%EA%B5%AC/,seoul/서초구/index.html,,baseline-20260809
seoul,서울,성동구,,district,district,published,seoul/성동구/,https://seoul.sabong.co.kr/%EC%84%B1%EB%8F%99%EA%B5%AC/,seoul/성동구/index.html,,baseline-20260809
seoul,서울,성북구,,district,district,published,seoul/성북구/,https://seoul.sabong.co.kr/%EC%84%B1%EB%B6%81%EA%B5%AC/,seoul/성북구/index.html,,baseline-20260809
seoul,서울,송파구,,district,district,published,seoul/송파구/,https://seoul.sabong.co.kr/%EC%86%A1%ED%8C%8C%EA%B5%AC/,seoul/송파구/index.html,,baseline-20260809
seoul,서울,양천구,,district,district,published,seoul/양천구/,https://seoul.sabong.co.kr/%EC%96%91%EC%B2%9C%EA%B5%AC/,seoul/양천구/index.html,,baseline-20260809
seoul,서울,영등포구,,district,district,published,seoul/영등포구/,https://seoul.sabong.co.kr/%EC%98%81%EB%93%B1%ED%8F%AC%EA%B5%AC/,seoul/영등포구/index.html,,baseline-20260809
seoul,서울,용산구,,district,district,published,seoul/용산구/,https://seoul.sabong.co.kr/%EC%9A%A9%EC%82%B0%EA%B5%AC/,seoul/용산구/index.html,,baseline-20260809
seoul,서울,은평구,,district,district,published,seoul/은평구/,https://seoul.sabong.co.kr/%EC%9D%80%ED%8F%89%EA%B5%AC/,seoul/은평구/index.html,,baseline-20260809
seoul,서울,종로구,,district,district,published,seoul/종로구/,https://seoul.sabong.co.kr/%EC%A2%85%EB%A1%9C%EA%B5%AC/,seoul/종로구/index.html,,baseline-20260809
seoul,서울,중구,,district,district,published,seoul/중구/,https://seoul.sabong.co.kr/%EC%A4%91%EA%B5%AC/,seoul/중구/index.html,,baseline-20260809
seoul,서울,중랑구,,district,district,published,seoul/중랑구/,https://seoul.sabong.co.kr/%EC%A4%91%EB%9E%91%EA%B5%AC/,seoul/중랑구/index.html,,baseline-20260809
busan,부산,,,city,city_home,published,busan/,https://busan.sabong.co.kr/,busan/index.html,,baseline-20260809
busan,부산,강서구,,district,district,published,busan/강서구/,https://busan.sabong.co.kr/%EA%B0%95%EC%84%9C%EA%B5%AC/,busan/강서구/index.html,,baseline-20260809
busan,부산,금정구,,district,district,published,busan/금정구/,https://busan.sabong.co.kr/%EA%B8%88%EC%A0%95%EA%B5%AC/,busan/금정구/index.html,,baseline-20260809
busan,부산,기장군,,district,district,published,busan/기장군/,https://busan.sabong.co.kr/%EA%B8%B0%EC%9E%A5%EA%B5%B0/,busan/기장군/index.html,,baseline-20260809
busan,부산,남구,,district,district,published,busan/남구/,https://busan.sabong.co.kr/%EB%82%A8%EA%B5%AC/,busan/남구/index.html,,baseline-20260809
busan,부산,동구,,district,district,published,busan/동구/,https://busan.sabong.co.kr/%EB%8F%99%EA%B5%AC/,busan/동구/index.html,,baseline-20260809
busan,부산,동래구,,district,district,published,busan/동래구/,https://busan.sabong.co.kr/%EB%8F%99%EB%9E%98%EA%B5%AC/,busan/동래구/index.html,,baseline-20260809
busan,부산,부산진구,,district,district,published,busan/부산진구/,https://busan.sabong.co.kr/%EB%B6%80%EC%82%B0%EC%A7%84%EA%B5%AC/,busan/부산진구/index.html,,baseline-20260809
busan,부산,북구,,district,district,published,busan/북구/,https://busan.sabong.co.kr/%EB%B6%81%EA%B5%AC/,busan/북구/index.html,,baseline-20260809
busan,부산,사상구,,district,district,published,busan/사상구/,https://busan.sabong.co.kr/%EC%82%AC%EC%83%81%EA%B5%AC/,busan/사상구/index.html,,baseline-20260809
busan,부산,사하구,,district,district,published,busan/사하구/,https://busan.sabong.co.kr/%EC%82%AC%ED%95%98%EA%B5%AC/,busan/사하구/index.html,,baseline-20260809
busan,부산,서구,,district,district,published,busan/서구/,https://busan.sabong.co.kr/%EC%84%9C%EA%B5%AC/,busan/서구/index.html,,baseline-20260809
busan,부산,수영구,,district,district,published,busan/수영구/,https://busan.sabong.co.kr/%EC%88%98%EC%98%81%EA%B5%AC/,busan/수영구/index.html,,baseline-20260809
busan,부산,연제구,,district,district,published,busan/연제구/,https://busan.sabong.co.kr/%EC%97%B0%EC%A0%9C%EA%B5%AC/,busan/연제구/index.html,,baseline-20260809
busan,부산,영도구,,district,district,published,busan/영도구/,https://busan.sabong.co.kr/%EC%98%81%EB%8F%84%EA%B5%AC/,busan/영도구/index.html,,baseline-20260809
busan,부산,중구,,district,district,published,busan/중구/,https://busan.sabong.co.kr/%EC%A4%91%EA%B5%AC/,busan/중구/index.html,,baseline-20260809
busan,부산,해운대구,,district,district,published,busan/해운대구/,https://busan.sabong.co.kr/%ED%95%B4%EC%9A%B4%EB%8C%80%EA%B5%AC/,busan/해운대구/index.html,,baseline-20260809
daegu,대구,,,city,city_home,published,daegu/,https://daegu.sabong.co.kr/,daegu/index.html,,baseline-20260809
daegu,대구,군위군,,district,district,published,daegu/군위군/,https://daegu.sabong.co.kr/%EA%B5%B0%EC%9C%84%EA%B5%B0/,daegu/군위군/index.html,,baseline-20260809
daegu,대구,남구,,district,district,published,daegu/남구/,https://daegu.sabong.co.kr/%EB%82%A8%EA%B5%AC/,daegu/남구/index.html,,baseline-20260809
daegu,대구,달서구,,district,district,published,daegu/달서구/,https://daegu.sabong.co.kr/%EB%8B%AC%EC%84%9C%EA%B5%AC/,daegu/달서구/index.html,,baseline-20260809
daegu,대구,달성군,,district,district,published,daegu/달성군/,https://daegu.sabong.co.kr/%EB%8B%AC%EC%84%B1%EA%B5%B0/,daegu/달성군/index.html,,baseline-20260809
daegu,대구,동구,,district,district,published,daegu/동구/,https://daegu.sabong.co.kr/%EB%8F%99%EA%B5%AC/,daegu/동구/index.html,,baseline-20260809
daegu,대구,북구,,district,district,published,daegu/북구/,https://daegu.sabong.co.kr/%EB%B6%81%EA%B5%AC/,daegu/북구/index.html,,baseline-20260809
daegu,대구,서구,,district,district,published,daegu/서구/,https://daegu.sabong.co.kr/%EC%84%9C%EA%B5%AC/,daegu/서구/index.html,,baseline-20260809
daegu,대구,수성구,,district,district,published,daegu/수성구/,https://daegu.sabong.co.kr/%EC%88%98%EC%84%B1%EA%B5%AC/,daegu/수성구/index.html,,baseline-20260809
daegu,대구,중구,,district,district,published,daegu/중구/,https://daegu.sabong.co.kr/%EC%A4%91%EA%B5%AC/,daegu/중구/index.html,,baseline-20260809
daejeon,대전,,,city,city_home,published,daejeon/,https://daejeon.sabong.co.kr/,daejeon/index.html,,baseline-20260809
daejeon,대전,대덕구,,district,district,published,daejeon/대덕구/,https://daejeon.sabong.co.kr/%EB%8C%80%EB%8D%95%EA%B5%AC/,daejeon/대덕구/index.html,,baseline-20260809
daejeon,대전,동구,,district,district,published,daejeon/동구/,https://daejeon.sabong.co.kr/%EB%8F%99%EA%B5%AC/,daejeon/동구/index.html,,baseline-20260809
daejeon,대전,서구,,district,district,published,daejeon/서구/,https://daejeon.sabong.co.kr/%EC%84%9C%EA%B5%AC/,daejeon/서구/index.html,,baseline-20260809
daejeon,대전,유성구,,district,district,published,daejeon/유성구/,https://daejeon.sabong.co.kr/%EC%9C%A0%EC%84%B1%EA%B5%AC/,daejeon/유성구/index.html,,baseline-20260809
daejeon,대전,중구,,district,district,published,daejeon/중구/,https://daejeon.sabong.co.kr/%EC%A4%91%EA%B5%AC/,daejeon/중구/index.html,,baseline-20260809
incheon,인천,,,city,city_home,published,incheon/,https://incheon.sabong.co.kr/,incheon/index.html,,baseline-20260809
incheon,인천,강화군,,district,district,published,incheon/강화군/,https://incheon.sabong.co.kr/%EA%B0%95%ED%99%94%EA%B5%B0/,incheon/강화군/index.html,,baseline-20260809
incheon,인천,계양구,,district,district,published,incheon/계양구/,https://incheon.sabong.co.kr/%EA%B3%84%EC%96%91%EA%B5%AC/,incheon/계양구/index.html,,baseline-20260809
incheon,인천,남동구,,district,district,published,incheon/남동구/,https://incheon.sabong.co.kr/%EB%82%A8%EB%8F%99%EA%B5%AC/,incheon/남동구/index.html,,baseline-20260809
incheon,인천,동구,,district,district,published,incheon/동구/,https://incheon.sabong.co.kr/%EB%8F%99%EA%B5%AC/,incheon/동구/index.html,,baseline-20260809
incheon,인천,미추홀구,,district,district,published,incheon/미추홀구/,https://incheon.sabong.co.kr/%EB%AF%B8%EC%B6%94%ED%99%80%EA%B5%AC/,incheon/미추홀구/index.html,,baseline-20260809
incheon,인천,부평구,,district,district,published,incheon/부평구/,https://incheon.sabong.co.kr/%EB%B6%80%ED%8F%89%EA%B5%AC/,incheon/부평구/index.html,,baseline-20260809
incheon,인천,서구,,district,district,published,incheon/서구/,https://incheon.sabong.co.kr/%EC%84%9C%EA%B5%AC/,incheon/서구/index.html,,baseline-20260809
incheon,인천,연수구,,district,district,published,incheon/연수구/,https://incheon.sabong.co.kr/%EC%97%B0%EC%88%98%EA%B5%AC/,incheon/연수구/index.html,,baseline-20260809
incheon,인천,옹진군,,district,district,published,incheon/옹진군/,https://incheon.sabong.co.kr/%EC%98%B9%EC%A7%84%EA%B5%B0/,incheon/옹진군/index.html,,baseline-20260809
incheon,인천,중구,,district,district,published,incheon/중구/,https://incheon.sabong.co.kr/%EC%A4%91%EA%B5%AC/,incheon/중구/index.html,,baseline-20260809
seoul,서울,강남구,압구정동,locality,locality,published,seoul/강남구/압구정동/,https://seoul.sabong.co.kr/%EA%B0%95%EB%82%A8%EA%B5%AC/%EC%95%95%EA%B5%AC%EC%A0%95%EB%8F%99/,seoul/강남구/압구정동/index.html,2026-08-09,seoul-gangnam-locality-001
seoul,서울,강남구,신사동,locality,locality,published,seoul/강남구/신사동/,https://seoul.sabong.co.kr/%EA%B0%95%EB%82%A8%EA%B5%AC/%EC%8B%A0%EC%82%AC%EB%8F%99/,seoul/강남구/신사동/index.html,2026-08-09,seoul-gangnam-locality-001
seoul,서울,강남구,청담동,locality,locality,published,seoul/강남구/청담동/,https://seoul.sabong.co.kr/%EA%B0%95%EB%82%A8%EA%B5%AC/%EC%B2%AD%EB%8B%B4%EB%8F%99/,seoul/강남구/청담동/index.html,2026-08-09,seoul-gangnam-locality-001
seoul,서울,강남구,논현동,locality,locality,published,seoul/강남구/논현동/,https://seoul.sabong.co.kr/%EA%B0%95%EB%82%A8%EA%B5%AC/%EB%85%BC%ED%98%84%EB%8F%99/,seoul/강남구/논현동/index.html,2026-08-09,seoul-gangnam-locality-001
seoul,서울,강남구,삼성동,locality,locality,published,seoul/강남구/삼성동/,https://seoul.sabong.co.kr/%EA%B0%95%EB%82%A8%EA%B5%AC/%EC%82%BC%EC%84%B1%EB%8F%99/,seoul/강남구/삼성동/index.html,2026-08-09,seoul-gangnam-locality-001
seoul,서울,강남구,역삼동,locality,locality,published,seoul/강남구/역삼동/,https://seoul.sabong.co.kr/%EA%B0%95%EB%82%A8%EA%B5%AC/%EC%97%AD%EC%82%BC%EB%8F%99/,seoul/강남구/역삼동/index.html,2026-08-09,seoul-gangnam-locality-001
seoul,서울,강남구,대치동,locality,locality,published,seoul/강남구/대치동/,https://seoul.sabong.co.kr/%EA%B0%95%EB%82%A8%EA%B5%AC/%EB%8C%80%EC%B9%98%EB%8F%99/,seoul/강남구/대치동/index.html,2026-08-09,seoul-gangnam-locality-001
seoul,서울,강남구,도곡동,locality,locality,published,seoul/강남구/도곡동/,https://seoul.sabong.co.kr/%EA%B0%95%EB%82%A8%EA%B5%AC/%EB%8F%84%EA%B3%A1%EB%8F%99/,seoul/강남구/도곡동/index.html,2026-08-09,seoul-gangnam-locality-001
seoul,서울,강남구,개포동,locality,locality,published,seoul/강남구/개포동/,https://seoul.sabong.co.kr/%EA%B0%95%EB%82%A8%EA%B5%AC/%EA%B0%9C%ED%8F%AC%EB%8F%99/,seoul/강남구/개포동/index.html,2026-08-09,seoul-gangnam-locality-001
seoul,서울,강남구,일원동,locality,locality,published,seoul/강남구/일원동/,https://seoul.sabong.co.kr/%EA%B0%95%EB%82%A8%EA%B5%AC/%EC%9D%BC%EC%9B%90%EB%8F%99/,seoul/강남구/일원동/index.html,2026-08-09,seoul-gangnam-locality-001
seoul,서울,강남구,수서동,locality,locality,published,seoul/강남구/수서동/,https://seoul.sabong.co.kr/%EA%B0%95%EB%82%A8%EA%B5%AC/%EC%88%98%EC%84%9C%EB%8F%99/,seoul/강남구/수서동/index.html,2026-08-09,seoul-gangnam-locality-002
seoul,서울,강남구,자곡동,locality,locality,published,seoul/강남구/자곡동/,https://seoul.sabong.co.kr/%EA%B0%95%EB%82%A8%EA%B5%AC/%EC%9E%90%EA%B3%A1%EB%8F%99/,seoul/강남구/자곡동/index.html,2026-08-09,seoul-gangnam-locality-002
seoul,서울,강남구,율현동,locality,locality,published,seoul/강남구/율현동/,https://seoul.sabong.co.kr/%EA%B0%95%EB%82%A8%EA%B5%AC/%EC%9C%A8%ED%98%84%EB%8F%99/,seoul/강남구/율현동/index.html,2026-08-09,seoul-gangnam-locality-002
seoul,서울,강남구,세곡동,locality,locality,published,seoul/강남구/세곡동/,https://seoul.sabong.co.kr/%EA%B0%95%EB%82%A8%EA%B5%AC/%EC%84%B8%EA%B3%A1%EB%8F%99/,seoul/강남구/세곡동/index.html,2026-08-09,seoul-gangnam-locality-002
busan,부산,해운대구,우동,locality,locality,published,busan/해운대구/우동/,https://busan.sabong.co.kr/%ED%95%B4%EC%9A%B4%EB%8C%80%EA%B5%AC/%EC%9A%B0%EB%8F%99/,busan/해운대구/우동/index.html,2026-08-09,busan-haeundae-locality-001
busan,부산,해운대구,중동,locality,locality,published,busan/해운대구/중동/,https://busan.sabong.co.kr/%ED%95%B4%EC%9A%B4%EB%8C%80%EA%B5%AC/%EC%A4%91%EB%8F%99/,busan/해운대구/중동/index.html,2026-08-09,busan-haeundae-locality-001
busan,부산,해운대구,좌동,locality,locality,published,busan/해운대구/좌동/,https://busan.sabong.co.kr/%ED%95%B4%EC%9A%B4%EB%8C%80%EA%B5%AC/%EC%A2%8C%EB%8F%99/,busan/해운대구/좌동/index.html,2026-08-09,busan-haeundae-locality-001
busan,부산,해운대구,송정동,locality,locality,published,busan/해운대구/송정동/,https://busan.sabong.co.kr/%ED%95%B4%EC%9A%B4%EB%8C%80%EA%B5%AC/%EC%86%A1%EC%A0%95%EB%8F%99/,busan/해운대구/송정동/index.html,2026-08-09,busan-haeundae-locality-001
busan,부산,해운대구,반여동,locality,locality,published,busan/해운대구/반여동/,https://busan.sabong.co.kr/%ED%95%B4%EC%9A%B4%EB%8C%80%EA%B5%AC/%EB%B0%98%EC%97%AC%EB%8F%99/,busan/해운대구/반여동/index.html,2026-08-09,busan-haeundae-locality-001
busan,부산,해운대구,반송동,locality,locality,published,busan/해운대구/반송동/,https://busan.sabong.co.kr/%ED%95%B4%EC%9A%B4%EB%8C%80%EA%B5%AC/%EB%B0%98%EC%86%A1%EB%8F%99/,busan/해운대구/반송동/index.html,2026-08-09,busan-haeundae-locality-001
busan,부산,해운대구,재송동,locality,locality,published,busan/해운대구/재송동/,https://busan.sabong.co.kr/%ED%95%B4%EC%9A%B4%EB%8C%80%EA%B5%AC/%EC%9E%AC%EC%86%A1%EB%8F%99/,busan/해운대구/재송동/index.html,2026-08-09,busan-haeundae-locality-001
busan,부산,해운대구,석대동,locality,locality,published,busan/해운대구/석대동/,https://busan.sabong.co.kr/%ED%95%B4%EC%9A%B4%EB%8C%80%EA%B5%AC/%EC%84%9D%EB%8C%80%EB%8F%99/,busan/해운대구/석대동/index.html,2026-08-09,busan-haeundae-locality-001
daegu,대구,중구,동인동,locality,locality,published,daegu/중구/동인동/,https://daegu.sabong.co.kr/%EC%A4%91%EA%B5%AC/%EB%8F%99%EC%9D%B8%EB%8F%99/,daegu/중구/동인동/index.html,2026-08-09,daegu-junggu-locality-001
daegu,대구,중구,삼덕동,locality,locality,published,daegu/중구/삼덕동/,https://daegu.sabong.co.kr/%EC%A4%91%EA%B5%AC/%EC%82%BC%EB%8D%95%EB%8F%99/,daegu/중구/삼덕동/index.html,2026-08-09,daegu-junggu-locality-001
daegu,대구,중구,성내1동,locality,locality,published,daegu/중구/성내1동/,https://daegu.sabong.co.kr/%EC%A4%91%EA%B5%AC/%EC%84%B1%EB%82%B41%EB%8F%99/,daegu/중구/성내1동/index.html,2026-08-09,daegu-junggu-locality-001
daegu,대구,중구,성내2동,locality,locality,published,daegu/중구/성내2동/,https://daegu.sabong.co.kr/%EC%A4%91%EA%B5%AC/%EC%84%B1%EB%82%B42%EB%8F%99/,daegu/중구/성내2동/index.html,2026-08-09,daegu-junggu-locality-001
daegu,대구,중구,성내3동,locality,locality,published,daegu/중구/성내3동/,https://daegu.sabong.co.kr/%EC%A4%91%EA%B5%AC/%EC%84%B1%EB%82%B43%EB%8F%99/,daegu/중구/성내3동/index.html,2026-08-09,daegu-junggu-locality-001
daegu,대구,중구,대신동,locality,locality,published,daegu/중구/대신동/,https://daegu.sabong.co.kr/%EC%A4%91%EA%B5%AC/%EB%8C%80%EC%8B%A0%EB%8F%99/,daegu/중구/대신동/index.html,2026-08-09,daegu-junggu-locality-001
daegu,대구,중구,남산1동,locality,locality,published,daegu/중구/남산1동/,https://daegu.sabong.co.kr/%EC%A4%91%EA%B5%AC/%EB%82%A8%EC%82%B01%EB%8F%99/,daegu/중구/남산1동/index.html,2026-08-09,daegu-junggu-locality-001
daegu,대구,중구,남산2동,locality,locality,published,daegu/중구/남산2동/,https://daegu.sabong.co.kr/%EC%A4%91%EA%B5%AC/%EB%82%A8%EC%82%B02%EB%8F%99/,daegu/중구/남산2동/index.html,2026-08-09,daegu-junggu-locality-001
daegu,대구,중구,남산3동,locality,locality,published,daegu/중구/남산3동/,https://daegu.sabong.co.kr/%EC%A4%91%EA%B5%AC/%EB%82%A8%EC%82%B03%EB%8F%99/,daegu/중구/남산3동/index.html,2026-08-09,daegu-junggu-locality-001
daegu,대구,중구,남산4동,locality,locality,published,daegu/중구/남산4동/,https://daegu.sabong.co.kr/%EC%A4%91%EA%B5%AC/%EB%82%A8%EC%82%B04%EB%8F%99/,daegu/중구/남산4동/index.html,2026-08-09,daegu-junggu-locality-001
daegu,대구,중구,대봉1동,locality,locality,published,daegu/중구/대봉1동/,https://daegu.sabong.co.kr/%EC%A4%91%EA%B5%AC/%EB%8C%80%EB%B4%891%EB%8F%99/,daegu/중구/대봉1동/index.html,2026-08-09,daegu-junggu-locality-002
daegu,대구,중구,대봉2동,locality,locality,published,daegu/중구/대봉2동/,https://daegu.sabong.co.kr/%EC%A4%91%EA%B5%AC/%EB%8C%80%EB%B4%892%EB%8F%99/,daegu/중구/대봉2동/index.html,2026-08-09,daegu-junggu-locality-002
daejeon,대전,동구,중앙동,locality,locality,published,daejeon/동구/중앙동/,https://daejeon.sabong.co.kr/%EB%8F%99%EA%B5%AC/%EC%A4%91%EC%95%99%EB%8F%99/,daejeon/동구/중앙동/index.html,2026-08-09,daejeon-donggu-locality-001
daejeon,대전,동구,신인동,locality,locality,published,daejeon/동구/신인동/,https://daejeon.sabong.co.kr/%EB%8F%99%EA%B5%AC/%EC%8B%A0%EC%9D%B8%EB%8F%99/,daejeon/동구/신인동/index.html,2026-08-09,daejeon-donggu-locality-001
daejeon,대전,동구,효동,locality,locality,published,daejeon/동구/효동/,https://daejeon.sabong.co.kr/%EB%8F%99%EA%B5%AC/%ED%9A%A8%EB%8F%99/,daejeon/동구/효동/index.html,2026-08-09,daejeon-donggu-locality-001
daejeon,대전,동구,판암1동,locality,locality,published,daejeon/동구/판암1동/,https://daejeon.sabong.co.kr/%EB%8F%99%EA%B5%AC/%ED%8C%90%EC%95%941%EB%8F%99/,daejeon/동구/판암1동/index.html,2026-08-09,daejeon-donggu-locality-001
daejeon,대전,동구,판암2동,locality,locality,published,daejeon/동구/판암2동/,https://daejeon.sabong.co.kr/%EB%8F%99%EA%B5%AC/%ED%8C%90%EC%95%942%EB%8F%99/,daejeon/동구/판암2동/index.html,2026-08-09,daejeon-donggu-locality-001
daejeon,대전,동구,용운동,locality,locality,published,daejeon/동구/용운동/,https://daejeon.sabong.co.kr/%EB%8F%99%EA%B5%AC/%EC%9A%A9%EC%9A%B4%EB%8F%99/,daejeon/동구/용운동/index.html,2026-08-09,daejeon-donggu-locality-001
daejeon,대전,동구,대동,locality,locality,published,daejeon/동구/대동/,https://daejeon.sabong.co.kr/%EB%8F%99%EA%B5%AC/%EB%8C%80%EB%8F%99/,daejeon/동구/대동/index.html,2026-08-09,daejeon-donggu-locality-001
daejeon,대전,동구,자양동,locality,locality,published,daejeon/동구/자양동/,https://daejeon.sabong.co.kr/%EB%8F%99%EA%B5%AC/%EC%9E%90%EC%96%91%EB%8F%99/,daejeon/동구/자양동/index.html,2026-08-09,daejeon-donggu-locality-001
daejeon,대전,동구,가양1동,locality,locality,published,daejeon/동구/가양1동/,https://daejeon.sabong.co.kr/%EB%8F%99%EA%B5%AC/%EA%B0%80%EC%96%911%EB%8F%99/,daejeon/동구/가양1동/index.html,2026-08-09,daejeon-donggu-locality-001
daejeon,대전,동구,가양2동,locality,locality,published,daejeon/동구/가양2동/,https://daejeon.sabong.co.kr/%EB%8F%99%EA%B5%AC/%EA%B0%80%EC%96%912%EB%8F%99/,daejeon/동구/가양2동/index.html,2026-08-09,daejeon-donggu-locality-001
daejeon,대전,동구,용전동,locality,locality,published,daejeon/동구/용전동/,https://daejeon.sabong.co.kr/%EB%8F%99%EA%B5%AC/%EC%9A%A9%EC%A0%84%EB%8F%99/,daejeon/동구/용전동/index.html,2026-08-09,daejeon-donggu-locality-002
daejeon,대전,동구,성남동,locality,locality,published,daejeon/동구/성남동/,https://daejeon.sabong.co.kr/%EB%8F%99%EA%B5%AC/%EC%84%B1%EB%82%A8%EB%8F%99/,daejeon/동구/성남동/index.html,2026-08-09,daejeon-donggu-locality-002
daejeon,대전,동구,홍도동,locality,locality,published,daejeon/동구/홍도동/,https://daejeon.sabong.co.kr/%EB%8F%99%EA%B5%AC/%ED%99%8D%EB%8F%84%EB%8F%99/,daejeon/동구/홍도동/index.html,2026-08-09,daejeon-donggu-locality-002
daejeon,대전,동구,삼성동,locality,locality,published,daejeon/동구/삼성동/,https://daejeon.sabong.co.kr/%EB%8F%99%EA%B5%AC/%EC%82%BC%EC%84%B1%EB%8F%99/,daejeon/동구/삼성동/index.html,2026-08-09,daejeon-donggu-locality-002
daejeon,대전,동구,대청동,locality,locality,published,daejeon/동구/대청동/,https://daejeon.sabong.co.kr/%EB%8F%99%EA%B5%AC/%EB%8C%80%EC%B2%AD%EB%8F%99/,daejeon/동구/대청동/index.html,2026-08-09,daejeon-donggu-locality-002
daejeon,대전,동구,산내동,locality,locality,published,daejeon/동구/산내동/,https://daejeon.sabong.co.kr/%EB%8F%99%EA%B5%AC/%EC%82%B0%EB%82%B4%EB%8F%99/,daejeon/동구/산내동/index.html,2026-08-09,daejeon-donggu-locality-002
incheon,인천,중구,연안동,locality,locality,published,incheon/중구/연안동/,https://incheon.sabong.co.kr/%EC%A4%91%EA%B5%AC/%EC%97%B0%EC%95%88%EB%8F%99/,incheon/중구/연안동/index.html,2026-08-09,incheon-junggu-locality-001
incheon,인천,중구,신포동,locality,locality,published,incheon/중구/신포동/,https://incheon.sabong.co.kr/%EC%A4%91%EA%B5%AC/%EC%8B%A0%ED%8F%AC%EB%8F%99/,incheon/중구/신포동/index.html,2026-08-09,incheon-junggu-locality-001
incheon,인천,중구,신흥동,locality,locality,published,incheon/중구/신흥동/,https://incheon.sabong.co.kr/%EC%A4%91%EA%B5%AC/%EC%8B%A0%ED%9D%A5%EB%8F%99/,incheon/중구/신흥동/index.html,2026-08-09,incheon-junggu-locality-001
incheon,인천,중구,도원동,locality,locality,published,incheon/중구/도원동/,https://incheon.sabong.co.kr/%EC%A4%91%EA%B5%AC/%EB%8F%84%EC%9B%90%EB%8F%99/,incheon/중구/도원동/index.html,2026-08-09,incheon-junggu-locality-001
incheon,인천,중구,율목동,locality,locality,published,incheon/중구/율목동/,https://incheon.sabong.co.kr/%EC%A4%91%EA%B5%AC/%EC%9C%A8%EB%AA%A9%EB%8F%99/,incheon/중구/율목동/index.html,2026-08-09,incheon-junggu-locality-001
incheon,인천,중구,동인천동,locality,locality,published,incheon/중구/동인천동/,https://incheon.sabong.co.kr/%EC%A4%91%EA%B5%AC/%EB%8F%99%EC%9D%B8%EC%B2%9C%EB%8F%99/,incheon/중구/동인천동/index.html,2026-08-09,incheon-junggu-locality-001
incheon,인천,중구,개항동,locality,locality,published,incheon/중구/개항동/,https://incheon.sabong.co.kr/%EC%A4%91%EA%B5%AC/%EA%B0%9C%ED%95%AD%EB%8F%99/,incheon/중구/개항동/index.html,2026-08-09,incheon-junggu-locality-001
incheon,인천,중구,영종동,locality,locality,published,incheon/중구/영종동/,https://incheon.sabong.co.kr/%EC%A4%91%EA%B5%AC/%EC%98%81%EC%A2%85%EB%8F%99/,incheon/중구/영종동/index.html,2026-08-09,incheon-junggu-locality-001
incheon,인천,중구,영종1동,locality,locality,published,incheon/중구/영종1동/,https://incheon.sabong.co.kr/%EC%A4%91%EA%B5%AC/%EC%98%81%EC%A2%851%EB%8F%99/,incheon/중구/영종1동/index.html,2026-08-09,incheon-junggu-locality-001
incheon,인천,중구,영종2동,locality,locality,published,incheon/중구/영종2동/,https://incheon.sabong.co.kr/%EC%A4%91%EA%B5%AC/%EC%98%81%EC%A2%852%EB%8F%99/,incheon/중구/영종2동/index.html,2026-08-09,incheon-junggu-locality-001
incheon,인천,중구,운서1동,locality,locality,published,incheon/중구/운서1동/,https://incheon.sabong.co.kr/%EC%A4%91%EA%B5%AC/%EC%9A%B4%EC%84%9C1%EB%8F%99/,incheon/중구/운서1동/index.html,2026-08-09,incheon-junggu-locality-002
incheon,인천,중구,운서2동,locality,locality,published,incheon/중구/운서2동/,https://incheon.sabong.co.kr/%EC%A4%91%EA%B5%AC/%EC%9A%B4%EC%84%9C2%EB%8F%99/,incheon/중구/운서2동/index.html,2026-08-09,incheon-junggu-locality-002
incheon,인천,중구,용유동,locality,locality,published,incheon/중구/용유동/,https://incheon.sabong.co.kr/%EC%A4%91%EA%B5%AC/%EC%9A%A9%EC%9C%A0%EB%8F%99/,incheon/중구/용유동/index.html,2026-08-09,incheon-junggu-locality-002
incheon,인천,중구,영종3동,locality,locality,published,incheon/중구/영종3동/,https://incheon.sabong.co.kr/%EC%A4%91%EA%B5%AC/%EC%98%81%EC%A2%853%EB%8F%99/,incheon/중구/영종3동/index.html,2026-08-09,incheon-junggu-locality-002
gwangju,광주,동구,,district,district,published,gwangju/동구/,https://gwangju.sabong.co.kr/%EB%8F%99%EA%B5%AC/,gwangju/동구/index.html,2026-08-09,gwangju-district-001
gwangju,광주,서구,,district,district,published,gwangju/서구/,https://gwangju.sabong.co.kr/%EC%84%9C%EA%B5%AC/,gwangju/서구/index.html,2026-08-09,gwangju-district-001
gwangju,광주,남구,,district,district,published,gwangju/남구/,https://gwangju.sabong.co.kr/%EB%82%A8%EA%B5%AC/,gwangju/남구/index.html,2026-08-09,gwangju-district-001
gwangju,광주,북구,,district,district,published,gwangju/북구/,https://gwangju.sabong.co.kr/%EB%B6%81%EA%B5%AC/,gwangju/북구/index.html,2026-08-09,gwangju-district-001
gwangju,광주,광산구,,district,district,published,gwangju/광산구/,https://gwangju.sabong.co.kr/%EA%B4%91%EC%82%B0%EA%B5%AC/,gwangju/광산구/index.html,2026-08-09,gwangju-district-001
ulsan,울산,중구,,district,district,published,ulsan/중구/,https://ulsan.sabong.co.kr/%EC%A4%91%EA%B5%AC/,ulsan/중구/index.html,2026-08-09,ulsan-district-001
ulsan,울산,남구,,district,district,published,ulsan/남구/,https://ulsan.sabong.co.kr/%EB%82%A8%EA%B5%AC/,ulsan/남구/index.html,2026-08-09,ulsan-district-001
ulsan,울산,동구,,district,district,published,ulsan/동구/,https://ulsan.sabong.co.kr/%EB%8F%99%EA%B5%AC/,ulsan/동구/index.html,2026-08-09,ulsan-district-001
ulsan,울산,북구,,district,district,published,ulsan/북구/,https://ulsan.sabong.co.kr/%EB%B6%81%EA%B5%AC/,ulsan/북구/index.html,2026-08-09,ulsan-district-001
ulsan,울산,울주군,,district,district,published,ulsan/울주군/,https://ulsan.sabong.co.kr/%EC%9A%B8%EC%A3%BC%EA%B5%B0/,ulsan/울주군/index.html,2026-08-09,ulsan-district-001
suwon,수원,장안구,,district,district,published,suwon/장안구/,https://suwon.sabong.co.kr/%EC%9E%A5%EC%95%88%EA%B5%AC/,suwon/장안구/index.html,2026-08-09,suwon-district-001
suwon,수원,권선구,,district,district,published,suwon/권선구/,https://suwon.sabong.co.kr/%EA%B6%8C%EC%84%A0%EA%B5%AC/,suwon/권선구/index.html,2026-08-09,suwon-district-001
suwon,수원,팔달구,,district,district,published,suwon/팔달구/,https://suwon.sabong.co.kr/%ED%8C%94%EB%8B%AC%EA%B5%AC/,suwon/팔달구/index.html,2026-08-09,suwon-district-001
suwon,수원,영통구,,district,district,published,suwon/영통구/,https://suwon.sabong.co.kr/%EC%98%81%ED%86%B5%EA%B5%AC/,suwon/영통구/index.html,2026-08-09,suwon-district-001
yongin,용인,처인구,,district,district,published,yongin/처인구/,https://yongin.sabong.co.kr/%EC%B2%98%EC%9D%B8%EA%B5%AC/,yongin/처인구/index.html,2026-08-09,yongin-district-001
yongin,용인,기흥구,,district,district,published,yongin/기흥구/,https://yongin.sabong.co.kr/%EA%B8%B0%ED%9D%A5%EA%B5%AC/,yongin/기흥구/index.html,2026-08-09,yongin-district-001
yongin,용인,수지구,,district,district,published,yongin/수지구/,https://yongin.sabong.co.kr/%EC%88%98%EC%A7%80%EA%B5%AC/,yongin/수지구/index.html,2026-08-09,yongin-district-001
goyang,고양,덕양구,,district,district,published,goyang/덕양구/,https://goyang.sabong.co.kr/%EB%8D%95%EC%96%91%EA%B5%AC/,goyang/덕양구/index.html,2026-08-09,goyang-district-001
goyang,고양,일산동구,,district,district,published,goyang/일산동구/,https://goyang.sabong.co.kr/%EC%9D%BC%EC%82%B0%EB%8F%99%EA%B5%AC/,goyang/일산동구/index.html,2026-08-09,goyang-district-001
goyang,고양,일산서구,,district,district,published,goyang/일산서구/,https://goyang.sabong.co.kr/%EC%9D%BC%EC%82%B0%EC%84%9C%EA%B5%AC/,goyang/일산서구/index.html,2026-08-09,goyang-district-001
gwangju,광주,,,city,city_home,published,gwangju/,https://gwangju.sabong.co.kr/,gwangju/index.html,2026-08-09,gwangju-city-001
ulsan,울산,,,city,city_home,published,ulsan/,https://ulsan.sabong.co.kr/,ulsan/index.html,2026-08-09,ulsan-city-001
suwon,수원,,,city,city_home,published,suwon/,https://suwon.sabong.co.kr/,suwon/index.html,2026-08-09,suwon-city-001
yongin,용인,,,city,city_home,published,yongin/,https://yongin.sabong.co.kr/,yongin/index.html,2026-08-09,yongin-city-001
goyang,고양,,,city,city_home,published,goyang/,https://goyang.sabong.co.kr/,goyang/index.html,2026-08-09,goyang-city-001
seoul,서울,송파구,잠실동,,,published,,https://seoul.sabong.co.kr/%EC%86%A1%ED%8C%8C%EA%B5%AC/%EC%9E%A0%EC%8B%A4%EB%8F%99/,seoul/송파구/잠실동/index.html,2026-08-10,
seoul,서울,송파구,신천동,,,published,,https://seoul.sabong.co.kr/%EC%86%A1%ED%8C%8C%EA%B5%AC/%EC%8B%A0%EC%B2%9C%EB%8F%99/,seoul/송파구/신천동/index.html,2026-08-10,
seoul,서울,송파구,풍납동,,,published,,https://seoul.sabong.co.kr/%EC%86%A1%ED%8C%8C%EA%B5%AC/%ED%92%8D%EB%82%A9%EB%8F%99/,seoul/송파구/풍납동/index.html,2026-08-10,
seoul,서울,송파구,송파동,,,published,,https://seoul.sabong.co.kr/%EC%86%A1%ED%8C%8C%EA%B5%AC/%EC%86%A1%ED%8C%8C%EB%8F%99/,seoul/송파구/송파동/index.html,2026-08-10,
seoul,서울,송파구,석촌동,,,published,,https://seoul.sabong.co.kr/%EC%86%A1%ED%8C%8C%EA%B5%AC/%EC%84%9D%EC%B4%8C%EB%8F%99/,seoul/송파구/석촌동/index.html,2026-08-10,
seoul,서울,송파구,삼전동,,,published,,https://seoul.sabong.co.kr/%EC%86%A1%ED%8C%8C%EA%B5%AC/%EC%82%BC%EC%A0%84%EB%8F%99/,seoul/송파구/삼전동/index.html,2026-08-10,
seoul,서울,송파구,가락동,,,published,,https://seoul.sabong.co.kr/%EC%86%A1%ED%8C%8C%EA%B5%AC/%EA%B0%80%EB%9D%BD%EB%8F%99/,seoul/송파구/가락동/index.html,2026-08-10,
seoul,서울,송파구,문정동,,,published,,https://seoul.sabong.co.kr/%EC%86%A1%ED%8C%8C%EA%B5%AC/%EB%AC%B8%EC%A0%95%EB%8F%99/,seoul/송파구/문정동/index.html,2026-08-10,
seoul,서울,송파구,장지동,,,published,,https://seoul.sabong.co.kr/%EC%86%A1%ED%8C%8C%EA%B5%AC/%EC%9E%A5%EC%A7%80%EB%8F%99/,seoul/송파구/장지동/index.html,2026-08-10,
seoul,서울,송파구,방이동,,,published,,https://seoul.sabong.co.kr/%EC%86%A1%ED%8C%8C%EA%B5%AC/%EB%B0%A9%EC%9D%B4%EB%8F%99/,seoul/송파구/방이동/index.html,2026-08-10,
busan,부산,동래구,수안동,,,published,,https://busan.sabong.co.kr/%EB%8F%99%EB%9E%98%EA%B5%AC/%EC%88%98%EC%95%88%EB%8F%99/,busan/동래구/수안동/index.html,2026-08-10,
busan,부산,동래구,명륜동,,,published,,https://busan.sabong.co.kr/%EB%8F%99%EB%9E%98%EA%B5%AC/%EB%AA%85%EB%A5%9C%EB%8F%99/,busan/동래구/명륜동/index.html,2026-08-10,
busan,부산,동래구,온천동,,,published,,https://busan.sabong.co.kr/%EB%8F%99%EB%9E%98%EA%B5%AC/%EC%98%A8%EC%B2%9C%EB%8F%99/,busan/동래구/온천동/index.html,2026-08-10,
busan,부산,동래구,사직동,,,published,,https://busan.sabong.co.kr/%EB%8F%99%EB%9E%98%EA%B5%AC/%EC%82%AC%EC%A7%81%EB%8F%99/,busan/동래구/사직동/index.html,2026-08-10,
busan,부산,수영구,광안동,,,published,,https://busan.sabong.co.kr/%EC%88%98%EC%98%81%EA%B5%AC/%EA%B4%91%EC%95%88%EB%8F%99/,busan/수영구/광안동/index.html,2026-08-10,
busan,부산,수영구,남천동,,,published,,https://busan.sabong.co.kr/%EC%88%98%EC%98%81%EA%B5%AC/%EB%82%A8%EC%B2%9C%EB%8F%99/,busan/수영구/남천동/index.html,2026-08-10,
busan,부산,수영구,민락동,,,published,,https://busan.sabong.co.kr/%EC%88%98%EC%98%81%EA%B5%AC/%EB%AF%BC%EB%9D%BD%EB%8F%99/,busan/수영구/민락동/index.html,2026-08-10,
busan,부산,강서구,명지동,,,published,,https://busan.sabong.co.kr/%EA%B0%95%EC%84%9C%EA%B5%AC/%EB%AA%85%EC%A7%80%EB%8F%99/,busan/강서구/명지동/index.html,2026-08-10,
busan,부산,강서구,대저일동,,,published,,https://busan.sabong.co.kr/%EA%B0%95%EC%84%9C%EA%B5%AC/%EB%8C%80%EC%A0%80%EC%9D%BC%EB%8F%99/,busan/강서구/대저일동/index.html,2026-08-10,
busan,부산,강서구,대저이동,,,published,,https://busan.sabong.co.kr/%EA%B0%95%EC%84%9C%EA%B5%AC/%EB%8C%80%EC%A0%80%EC%9D%B4%EB%8F%99/,busan/강서구/대저이동/index.html,2026-08-10,
daegu,대구,수성구,범어동,,,published,,https://daegu.sabong.co.kr/%EC%88%98%EC%84%B1%EA%B5%AC/%EB%B2%94%EC%96%B4%EB%8F%99/,daegu/수성구/범어동/index.html,2026-08-10,
daegu,대구,수성구,만촌동,,,published,,https://daegu.sabong.co.kr/%EC%88%98%EC%84%B1%EA%B5%AC/%EB%A7%8C%EC%B4%8C%EB%8F%99/,daegu/수성구/만촌동/index.html,2026-08-10,
daegu,대구,수성구,수성동1가,,,published,,https://daegu.sabong.co.kr/%EC%88%98%EC%84%B1%EA%B5%AC/%EC%88%98%EC%84%B1%EB%8F%991%EA%B0%80/,daegu/수성구/수성동1가/index.html,2026-08-10,
daegu,대구,수성구,황금동,,,published,,https://daegu.sabong.co.kr/%EC%88%98%EC%84%B1%EA%B5%AC/%ED%99%A9%EA%B8%88%EB%8F%99/,daegu/수성구/황금동/index.html,2026-08-10,
daegu,대구,수성구,두산동,,,published,,https://daegu.sabong.co.kr/%EC%88%98%EC%84%B1%EA%B5%AC/%EB%91%90%EC%82%B0%EB%8F%99/,daegu/수성구/두산동/index.html,2026-08-10,
daegu,대구,달서구,상인동,,,published,,https://daegu.sabong.co.kr/%EB%8B%AC%EC%84%9C%EA%B5%AC/%EC%83%81%EC%9D%B8%EB%8F%99/,daegu/달서구/상인동/index.html,2026-08-10,
daegu,대구,달서구,월성동,,,published,,https://daegu.sabong.co.kr/%EB%8B%AC%EC%84%9C%EA%B5%AC/%EC%9B%94%EC%84%B1%EB%8F%99/,daegu/달서구/월성동/index.html,2026-08-10,
daegu,대구,달서구,진천동,,,published,,https://daegu.sabong.co.kr/%EB%8B%AC%EC%84%9C%EA%B5%AC/%EC%A7%84%EC%B2%9C%EB%8F%99/,daegu/달서구/진천동/index.html,2026-08-10,
daegu,대구,달서구,도원동,,,published,,https://daegu.sabong.co.kr/%EB%8B%AC%EC%84%9C%EA%B5%AC/%EB%8F%84%EC%9B%90%EB%8F%99/,daegu/달서구/도원동/index.html,2026-08-10,
daegu,대구,달서구,대곡동,,,published,,https://daegu.sabong.co.kr/%EB%8B%AC%EC%84%9C%EA%B5%AC/%EB%8C%80%EA%B3%A1%EB%8F%99/,daegu/달서구/대곡동/index.html,2026-08-10,
daejeon,대전,서구,둔산동,,,published,,https://daejeon.sabong.co.kr/%EC%84%9C%EA%B5%AC/%EB%91%94%EC%82%B0%EB%8F%99/,daejeon/서구/둔산동/index.html,2026-08-10,
daejeon,대전,서구,월평동,,,published,,https://daejeon.sabong.co.kr/%EC%84%9C%EA%B5%AC/%EC%9B%94%ED%8F%89%EB%8F%99/,daejeon/서구/월평동/index.html,2026-08-10,
daejeon,대전,서구,탄방동,,,published,,https://daejeon.sabong.co.kr/%EC%84%9C%EA%B5%AC/%ED%83%84%EB%B0%A9%EB%8F%99/,daejeon/서구/탄방동/index.html,2026-08-10,
daejeon,대전,서구,갈마동,,,published,,https://daejeon.sabong.co.kr/%EC%84%9C%EA%B5%AC/%EA%B0%88%EB%A7%88%EB%8F%99/,daejeon/서구/갈마동/index.html,2026-08-10,
daejeon,대전,서구,괴정동,,,published,,https://daejeon.sabong.co.kr/%EC%84%9C%EA%B5%AC/%EA%B4%B4%EC%A0%95%EB%8F%99/,daejeon/서구/괴정동/index.html,2026-08-10,
daejeon,대전,유성구,봉명동,,,published,,https://daejeon.sabong.co.kr/%EC%9C%A0%EC%84%B1%EA%B5%AC/%EB%B4%89%EB%AA%85%EB%8F%99/,daejeon/유성구/봉명동/index.html,2026-08-10,
daejeon,대전,유성구,도룡동,,,published,,https://daejeon.sabong.co.kr/%EC%9C%A0%EC%84%B1%EA%B5%AC/%EB%8F%84%EB%A3%A1%EB%8F%99/,daejeon/유성구/도룡동/index.html,2026-08-10,
daejeon,대전,유성구,궁동,,,published,,https://daejeon.sabong.co.kr/%EC%9C%A0%EC%84%B1%EA%B5%AC/%EA%B6%81%EB%8F%99/,daejeon/유성구/궁동/index.html,2026-08-10,
daejeon,대전,유성구,장대동,,,published,,https://daejeon.sabong.co.kr/%EC%9C%A0%EC%84%B1%EA%B5%AC/%EC%9E%A5%EB%8C%80%EB%8F%99/,daejeon/유성구/장대동/index.html,2026-08-10,
daejeon,대전,유성구,노은동,,,published,,https://daejeon.sabong.co.kr/%EC%9C%A0%EC%84%B1%EA%B5%AC/%EB%85%B8%EC%9D%80%EB%8F%99/,daejeon/유성구/노은동/index.html,2026-08-10,
incheon,인천,연수구,송도동,,,published,,https://incheon.sabong.co.kr/%EC%97%B0%EC%88%98%EA%B5%AC/%EC%86%A1%EB%8F%84%EB%8F%99/,incheon/연수구/송도동/index.html,2026-08-10,
incheon,인천,연수구,연수동,,,published,,https://incheon.sabong.co.kr/%EC%97%B0%EC%88%98%EA%B5%AC/%EC%97%B0%EC%88%98%EB%8F%99/,incheon/연수구/연수동/index.html,2026-08-10,
incheon,인천,연수구,동춘동,,,published,,https://incheon.sabong.co.kr/%EC%97%B0%EC%88%98%EA%B5%AC/%EB%8F%99%EC%B6%98%EB%8F%99/,incheon/연수구/동춘동/index.html,2026-08-10,
incheon,인천,연수구,옥련동,,,published,,https://incheon.sabong.co.kr/%EC%97%B0%EC%88%98%EA%B5%AC/%EC%98%A5%EB%A0%A8%EB%8F%99/,incheon/연수구/옥련동/index.html,2026-08-10,
incheon,인천,연수구,청학동,,,published,,https://incheon.sabong.co.kr/%EC%97%B0%EC%88%98%EA%B5%AC/%EC%B2%AD%ED%95%99%EB%8F%99/,incheon/연수구/청학동/index.html,2026-08-10,
incheon,인천,남동구,구월동,,,published,,https://incheon.sabong.co.kr/%EB%82%A8%EB%8F%99%EA%B5%AC/%EA%B5%AC%EC%9B%94%EB%8F%99/,incheon/남동구/구월동/index.html,2026-08-10,
incheon,인천,남동구,간석동,,,published,,https://incheon.sabong.co.kr/%EB%82%A8%EB%8F%99%EA%B5%AC/%EA%B0%84%EC%84%9D%EB%8F%99/,incheon/남동구/간석동/index.html,2026-08-10,
incheon,인천,남동구,논현동,,,published,,https://incheon.sabong.co.kr/%EB%82%A8%EB%8F%99%EA%B5%AC/%EB%85%BC%ED%98%84%EB%8F%99/,incheon/남동구/논현동/index.html,2026-08-10,
incheon,인천,남동구,만수동,,,published,,https://incheon.sabong.co.kr/%EB%82%A8%EB%8F%99%EA%B5%AC/%EB%A7%8C%EC%88%98%EB%8F%99/,incheon/남동구/만수동/index.html,2026-08-10,
incheon,인천,남동구,서창동,,,published,,https://incheon.sabong.co.kr/%EB%82%A8%EB%8F%99%EA%B5%AC/%EC%84%9C%EC%B0%BD%EB%8F%99/,incheon/남동구/서창동/index.html,2026-08-10,
gwangju,광주,서구,치평동,,,published,,https://gwangju.sabong.co.kr/%EC%84%9C%EA%B5%AC/%EC%B9%98%ED%8F%89%EB%8F%99/,gwangju/서구/치평동/index.html,2026-08-10,
gwangju,광주,서구,화정동,,,published,,https://gwangju.sabong.co.kr/%EC%84%9C%EA%B5%AC/%ED%99%94%EC%A0%95%EB%8F%99/,gwangju/서구/화정동/index.html,2026-08-10,
gwangju,광주,서구,쌍촌동,,,published,,https://gwangju.sabong.co.kr/%EC%84%9C%EA%B5%AC/%EC%8C%8D%EC%B4%8C%EB%8F%99/,gwangju/서구/쌍촌동/index.html,2026-08-10,
gwangju,광주,서구,금호동,,,published,,https://gwangju.sabong.co.kr/%EC%84%9C%EA%B5%AC/%EA%B8%88%ED%98%B8%EB%8F%99/,gwangju/서구/금호동/index.html,2026-08-10,
gwangju,광주,서구,풍암동,,,published,,https://gwangju.sabong.co.kr/%EC%84%9C%EA%B5%AC/%ED%92%8D%EC%95%94%EB%8F%99/,gwangju/서구/풍암동/index.html,2026-08-10,
gwangju,광주,광산구,수완동,,,published,,https://gwangju.sabong.co.kr/%EA%B4%91%EC%82%B0%EA%B5%AC/%EC%88%98%EC%99%84%EB%8F%99/,gwangju/광산구/수완동/index.html,2026-08-10,
gwangju,광주,광산구,신창동,,,published,,https://gwangju.sabong.co.kr/%EA%B4%91%EC%82%B0%EA%B5%AC/%EC%8B%A0%EC%B0%BD%EB%8F%99/,gwangju/광산구/신창동/index.html,2026-08-10,
gwangju,광주,광산구,장덕동,,,published,,https://gwangju.sabong.co.kr/%EA%B4%91%EC%82%B0%EA%B5%AC/%EC%9E%A5%EB%8D%95%EB%8F%99/,gwangju/광산구/장덕동/index.html,2026-08-10,
gwangju,광주,광산구,월계동,,,published,,https://gwangju.sabong.co.kr/%EA%B4%91%EC%82%B0%EA%B5%AC/%EC%9B%94%EA%B3%84%EB%8F%99/,gwangju/광산구/월계동/index.html,2026-08-10,
gwangju,광주,광산구,우산동,,,published,,https://gwangju.sabong.co.kr/%EA%B4%91%EC%82%B0%EA%B5%AC/%EC%9A%B0%EC%82%B0%EB%8F%99/,gwangju/광산구/우산동/index.html,2026-08-10,
ulsan,울산,남구,삼산동,,,published,,https://ulsan.sabong.co.kr/%EB%82%A8%EA%B5%AC/%EC%82%BC%EC%82%B0%EB%8F%99/,ulsan/남구/삼산동/index.html,2026-08-10,
ulsan,울산,남구,달동,,,published,,https://ulsan.sabong.co.kr/%EB%82%A8%EA%B5%AC/%EB%8B%AC%EB%8F%99/,ulsan/남구/달동/index.html,2026-08-10,
ulsan,울산,남구,신정동,,,published,,https://ulsan.sabong.co.kr/%EB%82%A8%EA%B5%AC/%EC%8B%A0%EC%A0%95%EB%8F%99/,ulsan/남구/신정동/index.html,2026-08-10,
ulsan,울산,남구,무거동,,,published,,https://ulsan.sabong.co.kr/%EB%82%A8%EA%B5%AC/%EB%AC%B4%EA%B1%B0%EB%8F%99/,ulsan/남구/무거동/index.html,2026-08-10,
ulsan,울산,남구,옥동,,,published,,https://ulsan.sabong.co.kr/%EB%82%A8%EA%B5%AC/%EC%98%A5%EB%8F%99/,ulsan/남구/옥동/index.html,2026-08-10,
ulsan,울산,중구,성남동,,,published,,https://ulsan.sabong.co.kr/%EC%A4%91%EA%B5%AC/%EC%84%B1%EB%82%A8%EB%8F%99/,ulsan/중구/성남동/index.html,2026-08-10,
ulsan,울산,중구,우정동,,,published,,https://ulsan.sabong.co.kr/%EC%A4%91%EA%B5%AC/%EC%9A%B0%EC%A0%95%EB%8F%99/,ulsan/중구/우정동/index.html,2026-08-10,
ulsan,울산,중구,태화동,,,published,,https://ulsan.sabong.co.kr/%EC%A4%91%EA%B5%AC/%ED%83%9C%ED%99%94%EB%8F%99/,ulsan/중구/태화동/index.html,2026-08-10,
ulsan,울산,중구,복산동,,,published,,https://ulsan.sabong.co.kr/%EC%A4%91%EA%B5%AC/%EB%B3%B5%EC%82%B0%EB%8F%99/,ulsan/중구/복산동/index.html,2026-08-10,
ulsan,울산,중구,약사동,,,published,,https://ulsan.sabong.co.kr/%EC%A4%91%EA%B5%AC/%EC%95%BD%EC%82%AC%EB%8F%99/,ulsan/중구/약사동/index.html,2026-08-10,
yongin,용인,처인구,김량장동,locality,locality,published,/처인구/김량장동/,https://yongin.sabong.co.kr/%EC%B2%98%EC%9D%B8%EA%B5%AC/%EA%B9%80%EB%9F%89%EC%9E%A5%EB%8F%99/,yongin/처인구/김량장동/index.html,2026-08-10,20260810-yongin-locality-01
yongin,용인,처인구,역북동,locality,locality,published,/처인구/역북동/,https://yongin.sabong.co.kr/%EC%B2%98%EC%9D%B8%EA%B5%AC/%EC%97%AD%EB%B6%81%EB%8F%99/,yongin/처인구/역북동/index.html,2026-08-10,20260810-yongin-locality-01
yongin,용인,처인구,삼가동,locality,locality,published,/처인구/삼가동/,https://yongin.sabong.co.kr/%EC%B2%98%EC%9D%B8%EA%B5%AC/%EC%82%BC%EA%B0%80%EB%8F%99/,yongin/처인구/삼가동/index.html,2026-08-10,20260810-yongin-locality-01
yongin,용인,기흥구,구갈동,locality,locality,published,/기흥구/구갈동/,https://yongin.sabong.co.kr/%EA%B8%B0%ED%9D%A5%EA%B5%AC/%EA%B5%AC%EA%B0%88%EB%8F%99/,yongin/기흥구/구갈동/index.html,2026-08-10,20260810-yongin-locality-01
yongin,용인,기흥구,보정동,locality,locality,published,/기흥구/보정동/,https://yongin.sabong.co.kr/%EA%B8%B0%ED%9D%A5%EA%B5%AC/%EB%B3%B4%EC%A0%95%EB%8F%99/,yongin/기흥구/보정동/index.html,2026-08-10,20260810-yongin-locality-01
yongin,용인,기흥구,동백동,locality,locality,published,/기흥구/동백동/,https://yongin.sabong.co.kr/%EA%B8%B0%ED%9D%A5%EA%B5%AC/%EB%8F%99%EB%B0%B1%EB%8F%99/,yongin/기흥구/동백동/index.html,2026-08-10,20260810-yongin-locality-01
yongin,용인,기흥구,상갈동,locality,locality,published,/기흥구/상갈동/,https://yongin.sabong.co.kr/%EA%B8%B0%ED%9D%A5%EA%B5%AC/%EC%83%81%EA%B0%88%EB%8F%99/,yongin/기흥구/상갈동/index.html,2026-08-10,20260810-yongin-locality-01
yongin,용인,수지구,죽전동,locality,locality,published,/수지구/죽전동/,https://yongin.sabong.co.kr/%EC%88%98%EC%A7%80%EA%B5%AC/%EC%A3%BD%EC%A0%84%EB%8F%99/,yongin/수지구/죽전동/index.html,2026-08-10,20260810-yongin-locality-01
yongin,용인,수지구,풍덕천동,locality,locality,published,/수지구/풍덕천동/,https://yongin.sabong.co.kr/%EC%88%98%EC%A7%80%EA%B5%AC/%ED%92%8D%EB%8D%95%EC%B2%9C%EB%8F%99/,yongin/수지구/풍덕천동/index.html,2026-08-10,20260810-yongin-locality-01
yongin,용인,수지구,성복동,locality,locality,published,/수지구/성복동/,https://yongin.sabong.co.kr/%EC%88%98%EC%A7%80%EA%B5%AC/%EC%84%B1%EB%B3%B5%EB%8F%99/,yongin/수지구/성복동/index.html,2026-08-10,20260810-yongin-locality-01
suwon,수원,권선구,권선동,locality,locality,published,/권선구/권선동/,https://suwon.sabong.co.kr/%EA%B6%8C%EC%84%A0%EA%B5%AC/%EA%B6%8C%EC%84%A0%EB%8F%99/,suwon/권선구/권선동/index.html,2026-08-10,20260810-suwon-locality-01
suwon,수원,권선구,세류동,locality,locality,published,/권선구/세류동/,https://suwon.sabong.co.kr/%EA%B6%8C%EC%84%A0%EA%B5%AC/%EC%84%B8%EB%A5%98%EB%8F%99/,suwon/권선구/세류동/index.html,2026-08-10,20260810-suwon-locality-01
suwon,수원,권선구,호매실동,locality,locality,published,/권선구/호매실동/,https://suwon.sabong.co.kr/%EA%B6%8C%EC%84%A0%EA%B5%AC/%ED%98%B8%EB%A7%A4%EC%8B%A4%EB%8F%99/,suwon/권선구/호매실동/index.html,2026-08-10,20260810-suwon-locality-01
suwon,수원,영통구,망포동,locality,locality,published,/영통구/망포동/,https://suwon.sabong.co.kr/%EC%98%81%ED%86%B5%EA%B5%AC/%EB%A7%9D%ED%8F%AC%EB%8F%99/,suwon/영통구/망포동/index.html,2026-08-10,20260810-suwon-locality-01
suwon,수원,영통구,매탄동,locality,locality,published,/영통구/매탄동/,https://suwon.sabong.co.kr/%EC%98%81%ED%86%B5%EA%B5%AC/%EB%A7%A4%ED%83%84%EB%8F%99/,suwon/영통구/매탄동/index.html,2026-08-10,20260810-suwon-locality-01
suwon,수원,영통구,영통동,locality,locality,published,/영통구/영통동/,https://suwon.sabong.co.kr/%EC%98%81%ED%86%B5%EA%B5%AC/%EC%98%81%ED%86%B5%EB%8F%99/,suwon/영통구/영통동/index.html,2026-08-10,20260810-suwon-locality-01
suwon,수원,장안구,송죽동,locality,locality,published,/장안구/송죽동/,https://suwon.sabong.co.kr/%EC%9E%A5%EC%95%88%EA%B5%AC/%EC%86%A1%EC%A3%BD%EB%8F%99/,suwon/장안구/송죽동/index.html,2026-08-10,20260810-suwon-locality-01
suwon,수원,장안구,영화동,locality,locality,published,/장안구/영화동/,https://suwon.sabong.co.kr/%EC%9E%A5%EC%95%88%EA%B5%AC/%EC%98%81%ED%99%94%EB%8F%99/,suwon/장안구/영화동/index.html,2026-08-10,20260810-suwon-locality-01
suwon,수원,장안구,조원동,locality,locality,published,/장안구/조원동/,https://suwon.sabong.co.kr/%EC%9E%A5%EC%95%88%EA%B5%AC/%EC%A1%B0%EC%9B%90%EB%8F%99/,suwon/장안구/조원동/index.html,2026-08-10,20260810-suwon-locality-01
suwon,수원,팔달구,인계동,locality,locality,published,/팔달구/인계동/,https://suwon.sabong.co.kr/%ED%8C%94%EB%8B%AC%EA%B5%AC/%EC%9D%B8%EA%B3%84%EB%8F%99/,suwon/팔달구/인계동/index.html,2026-08-10,20260810-suwon-locality-01
goyang,고양,덕양구,삼송동,locality,locality,published,/덕양구/삼송동/,https://goyang.sabong.co.kr/%EB%8D%95%EC%96%91%EA%B5%AC/%EC%82%BC%EC%86%A1%EB%8F%99/,goyang/덕양구/삼송동/index.html,2026-08-10,20260810-goyang-locality-01
goyang,고양,덕양구,원흥동,locality,locality,published,/덕양구/원흥동/,https://goyang.sabong.co.kr/%EB%8D%95%EC%96%91%EA%B5%AC/%EC%9B%90%ED%9D%A5%EB%8F%99/,goyang/덕양구/원흥동/index.html,2026-08-10,20260810-goyang-locality-01
goyang,고양,덕양구,행신동,locality,locality,published,/덕양구/행신동/,https://goyang.sabong.co.kr/%EB%8D%95%EC%96%91%EA%B5%AC/%ED%96%89%EC%8B%A0%EB%8F%99/,goyang/덕양구/행신동/index.html,2026-08-10,20260810-goyang-locality-01
goyang,고양,덕양구,화정동,locality,locality,published,/덕양구/화정동/,https://goyang.sabong.co.kr/%EB%8D%95%EC%96%91%EA%B5%AC/%ED%99%94%EC%A0%95%EB%8F%99/,goyang/덕양구/화정동/index.html,2026-08-10,20260810-goyang-locality-01
goyang,고양,일산동구,마두동,locality,locality,published,/일산동구/마두동/,https://goyang.sabong.co.kr/%EC%9D%BC%EC%82%B0%EB%8F%99%EA%B5%AC/%EB%A7%88%EB%91%90%EB%8F%99/,goyang/일산동구/마두동/index.html,2026-08-10,20260810-goyang-locality-01
goyang,고양,일산동구,백석동,locality,locality,published,/일산동구/백석동/,https://goyang.sabong.co.kr/%EC%9D%BC%EC%82%B0%EB%8F%99%EA%B5%AC/%EB%B0%B1%EC%84%9D%EB%8F%99/,goyang/일산동구/백석동/index.html,2026-08-10,20260810-goyang-locality-01
goyang,고양,일산동구,장항동,locality,locality,published,/일산동구/장항동/,https://goyang.sabong.co.kr/%EC%9D%BC%EC%82%B0%EB%8F%99%EA%B5%AC/%EC%9E%A5%ED%95%AD%EB%8F%99/,goyang/일산동구/장항동/index.html,2026-08-10,20260810-goyang-locality-01
goyang,고양,일산서구,대화동,locality,locality,published,/일산서구/대화동/,https://goyang.sabong.co.kr/%EC%9D%BC%EC%82%B0%EC%84%9C%EA%B5%AC/%EB%8C%80%ED%99%94%EB%8F%99/,goyang/일산서구/대화동/index.html,2026-08-10,20260810-goyang-locality-01
goyang,고양,일산서구,일산동,locality,locality,published,/일산서구/일산동/,https://goyang.sabong.co.kr/%EC%9D%BC%EC%82%B0%EC%84%9C%EA%B5%AC/%EC%9D%BC%EC%82%B0%EB%8F%99/,goyang/일산서구/일산동/index.html,2026-08-10,20260810-goyang-locality-01
goyang,고양,일산서구,주엽동,locality,locality,published,/일산서구/주엽동/,https://goyang.sabong.co.kr/%EC%9D%BC%EC%82%B0%EC%84%9C%EA%B5%AC/%EC%A3%BC%EC%97%BD%EB%8F%99/,goyang/일산서구/주엽동/index.html,2026-08-10,20260810-goyang-locality-01
